{"cameraMode":{"drawMode":0,"name":"Shaded","section":"Shading Mode"},"sceneLighting":false,"audioPlay":false,"sceneViewState":{"m_AlwaysRefresh":false,"showFog":true,"showSkybox":false,"showFlares":true,"showImageEffects":true,"showParticleSystems":true,"showVisualEffectGraphs":true,"m_FxEnabled":true},"in2DMode":false,"pivot":{"x":17.845537185668947,"y":2.3008615970611574,"z":-22.931196212768556},"rotation":{"x":0.33448395133018496,"y":0.6189005374908447,"z":-0.3284251391887665,"w":0.6305042505264282},"size":0.2660253643989563,"orthographic":false}