{"cameraMode":{"drawMode":0,"name":"Shaded","section":"Shading Mode"},"sceneLighting":false,"audioPlay":false,"sceneViewState":{"m_AlwaysRefresh":false,"showFog":true,"showSkybox":false,"showFlares":true,"showImageEffects":true,"showParticleSystems":true,"showVisualEffectGraphs":true,"m_FxEnabled":true},"in2DMode":false,"pivot":{"x":-36.43567657470703,"y":16.81075668334961,"z":-4.739067077636719},"rotation":{"x":0.3888174295425415,"y":-0.0016473119612783194,"z":0.0006139885517768562,"w":0.9214106798171997},"size":8.17563533782959,"orthographic":false}