{"cameraMode":{"drawMode":0,"name":"Shaded","section":"Shading Mode"},"sceneLighting":true,"audioPlay":false,"sceneViewState":{"m_AlwaysRefresh":false,"showFog":true,"showSkybox":true,"showFlares":true,"showImageEffects":true,"showParticleSystems":true,"showVisualEffectGraphs":true,"m_FxEnabled":true},"in2DMode":false,"pivot":{"x":85.16568756103516,"y":-20.845455169677736,"z":73.07585144042969},"rotation":{"x":0.17578190565109254,"y":0.40127089619636538,"z":-0.07874681055545807,"w":0.8955594301223755},"size":74.30371856689453,"orthographic":false}