{"cameraMode":{"drawMode":0,"name":"Shaded","section":"Shading Mode"},"sceneLighting":true,"audioPlay":false,"sceneViewState":{"m_AlwaysRefresh":false,"showFog":true,"showSkybox":true,"showFlares":true,"showImageEffects":true,"showParticleSystems":true,"showVisualEffectGraphs":true,"m_FxEnabled":true},"in2DMode":false,"pivot":{"x":36.52911376953125,"y":1.0893926620483399,"z":9.770000457763672},"rotation":{"x":0.31154316663742068,"y":-0.011667834594845772,"z":0.003757279831916094,"w":0.9502501487731934},"size":31.162900924682618,"orthographic":false}