{"cameraMode":{"drawMode":0,"name":"Shaded","section":"Shading Mode"},"sceneLighting":true,"audioPlay":false,"sceneViewState":{"m_AlwaysRefresh":false,"showFog":true,"showSkybox":true,"showFlares":true,"showImageEffects":true,"showParticleSystems":true,"showVisualEffectGraphs":true,"m_FxEnabled":true},"in2DMode":false,"pivot":{"x":2.806258201599121,"y":0.008916735649108887,"z":-7.9067535400390629},"rotation":{"x":-0.018712228164076806,"y":0.9807963967323303,"z":-0.120063915848732,"w":-0.15276141464710236},"size":59.553524017333987,"orthographic":false}