{"cameraMode":{"drawMode":0,"name":"Shaded","section":"Shading Mode"},"sceneLighting":false,"audioPlay":false,"sceneViewState":{"m_AlwaysRefresh":false,"showFog":true,"showSkybox":false,"showFlares":true,"showImageEffects":true,"showParticleSystems":true,"showVisualEffectGraphs":true,"m_FxEnabled":true},"in2DMode":false,"pivot":{"x":-0.0020431876182556154,"y":-0.04341603070497513,"z":0.1261502504348755},"rotation":{"x":-0.046343497931957248,"y":-0.6599334478378296,"z":0.04084089398384094,"w":-0.7487956285476685},"size":0.36022907495498659,"orthographic":false}