{"cameraMode":{"drawMode":0,"name":"Shaded","section":"Shading Mode"},"sceneLighting":false,"audioPlay":false,"sceneViewState":{"m_AlwaysRefresh":false,"showFog":true,"showSkybox":false,"showFlares":true,"showImageEffects":true,"showParticleSystems":true,"showVisualEffectGraphs":true,"m_FxEnabled":true},"in2DMode":false,"pivot":{"x":0.03520030528306961,"y":1.5047870874404908,"z":-8.52193832397461},"rotation":{"x":0.0007776977145113051,"y":-0.998949408531189,"z":0.018294330686330797,"w":0.04258572310209274},"size":0.3684139847755432,"orthographic":false}