{"cameraMode":{"drawMode":0,"name":"Shaded","section":"Shading Mode"},"sceneLighting":false,"audioPlay":false,"sceneViewState":{"m_AlwaysRefresh":false,"showFog":true,"showSkybox":false,"showFlares":true,"showImageEffects":true,"showParticleSystems":true,"showVisualEffectGraphs":true,"m_FxEnabled":true},"in2DMode":false,"pivot":{"x":-0.1170702576637268,"y":1.6479482650756837,"z":-8.732684135437012},"rotation":{"x":0.07177617400884628,"y":-0.9274827241897583,"z":0.27809834480285647,"w":0.23940221965312959},"size":0.9684140086174011,"orthographic":false}