{"cameraMode":{"drawMode":0,"name":"Shaded","section":"Shading Mode"},"sceneLighting":false,"audioPlay":false,"sceneViewState":{"m_AlwaysRefresh":false,"showFog":true,"showSkybox":false,"showFlares":true,"showImageEffects":true,"showParticleSystems":true,"showVisualEffectGraphs":true,"m_FxEnabled":true},"in2DMode":false,"pivot":{"x":-0.0196380615234375,"y":0.07615232467651367,"z":0.19011174142360688},"rotation":{"x":0.08315777778625488,"y":-0.7238362431526184,"z":0.0885988175868988,"w":0.6792110204696655},"size":0.3138081431388855,"orthographic":false}