{"cameraMode":{"drawMode":0,"name":"Shaded","section":"Shading Mode"},"sceneLighting":false,"audioPlay":false,"sceneViewState":{"m_AlwaysRefresh":false,"showFog":true,"showSkybox":false,"showFlares":true,"showImageEffects":true,"showParticleSystems":true,"showVisualEffectGraphs":true,"m_FxEnabled":true},"in2DMode":false,"pivot":{"x":-0.21512776613235475,"y":0.13487163186073304,"z":0.06333959102630615},"rotation":{"x":0.0982799157500267,"y":0.8696892857551575,"z":-0.1924896538257599,"w":0.4441324770450592},"size":0.43028247356414797,"orthographic":false}